metier,identifiant,competences,savoir-etre
Chef de projet moa,147HKPM,Analyser les processus métier. Définir des solutions fonctionnelles. Définir la faisabilité et la rentabilité d'un projet. Présenter les évolutions du système d'information au commanditaire. Recenser les besoins du commanditaire,Travail en équipe. Sens de la communication. Sens de l'organisation
Chef de projet moa,147BVGY,Analyser les processus métier. Définir des solutions fonctionnelles. Définir la faisabilité et la rentabilité d'un projet. Présenter les évolutions du système d'information au commanditaire. Recenser les besoins du commanditaire,
Chef de projet moa,146VJVG,"Analyser les processus métier. Animer une réunion. Concevoir des supports d'information et de communication. Contractualiser une prestation. Coordonner l'activité d'une équipe. Coordonner les différentes étapes d'un projet. Définir des solutions fonctionnelles. Définir la faisabilité et la rentabilité d'un projet. Déployer des applications. Former du personnel à des procédures et techniques. Mettre en oeuvre des préconisations fonctionnelles et techniques. Piloter un projet. Procéder aux phases de tests et de recettes des applications développées. Proposer une réponse à un appel d'offre. Présenter les évolutions du système d'information au commanditaire. Recenser les besoins du commanditaire. Réaliser un appel d'offre. Réaliser un reporting. Réaliser un suivi administratif des opérations de gestion des ressources humaines. Suivre l'avancement d'un projet. Traiter l'information (collecter, classer et mettre à jour). Élaborer des propositions commerciales. Établir un cahier des charges",Capacité d'adaptation. Autonomie. Sens de l'organisation
Chef de projet moa,146TTQR,Analyser les processus métier. Définir des solutions fonctionnelles. Définir la faisabilité et la rentabilité d'un projet. Présenter les évolutions du système d'information au commanditaire. Recenser les besoins du commanditaire,Autonomie. Sens de l'organisation. Rigueur
Chef de projet moa,146SGQR,Analyser les processus métier. Définir des solutions fonctionnelles. Définir la faisabilité et la rentabilité d'un projet. Présenter les évolutions du système d'information au commanditaire. Recenser les besoins du commanditaire,Force de proposition. Travail en équipe. Sens de l'organisation
Chef de projet moa,146NXHH,Analyser les processus métier. Définir des solutions fonctionnelles. Définir la faisabilité et la rentabilité d'un projet. Présenter les évolutions du système d'information au commanditaire. Recenser les besoins du commanditaire,Réactivité. Autonomie. Sens de l'organisation
Chef de projet moa,146NWNY,Analyser les processus métier. Définir des solutions fonctionnelles. Définir la faisabilité et la rentabilité d'un projet. Présenter les évolutions du système d'information au commanditaire. Recenser les besoins du commanditaire,
Chef de projet moa,146JBFV,,Capacité d'adaptation. Travail en équipe. Autonomie
Chef de projet moa,146DYDS,Analyser les processus métier. Définir des solutions fonctionnelles. Définir la faisabilité et la rentabilité d'un projet. Présenter les évolutions du système d'information au commanditaire. Recenser les besoins du commanditaire,
Chef de projet moa,146DNZS,"Adapter les outils de traitement statistique de données. Définir les méthodes et les outils de traitement de l'information. Présenter et diffuser les résultats des études réalisées. Réaliser une étude. Rédiger l'information produite (études, synthèses, rapports, bulletins, ...) et établir des prévisions, des évaluations, des recommandations, des perspectives, ...",
Chef de projet moa,143NQJD,Analyser les processus métier. Définir des solutions fonctionnelles. Définir la faisabilité et la rentabilité d'un projet. Présenter les évolutions du système d'information au commanditaire. Recenser les besoins du commanditaire. Finance. Gestion financière,Gestion du stress. Sens de l'organisation. Rigueur
Chef de projet moa,146ZXYH,Analyser les processus métier. Définir des solutions fonctionnelles. Définir la faisabilité et la rentabilité d'un projet. Présenter les évolutions du système d'information au commanditaire. Recenser les besoins du commanditaire,
Chef de projet moa,146KTTJ,Analyser les processus métier. Définir des solutions fonctionnelles. Définir la faisabilité et la rentabilité d'un projet. Présenter les évolutions du système d'information au commanditaire. Recenser les besoins du commanditaire. capacité d'analyse. qualités relationnelles. rédactionnelles,Sens de la communication. Autonomie. Rigueur
Chef de projet moa,146ZSJD,,
Chef de projet moa,146XJJS,Analyser les processus métier. Définir des solutions fonctionnelles. Définir la faisabilité et la rentabilité d'un projet,Réactivité. Autonomie. Rigueur
Chef de projet moa,146LZVG,Analyser les processus métier. Définir des solutions fonctionnelles. Définir la faisabilité et la rentabilité d'un projet. Présenter les évolutions du système d'information au commanditaire. Recenser les besoins du commanditaire,Autonomie. Sens de l'organisation. Rigueur
Chef de projet moa,146LRGB,,Réactivité. Sens de la communication. Sens de l'organisation
Chef de projet moa,146JQCP,Analyser les processus métier. Définir des solutions fonctionnelles. Définir la faisabilité et la rentabilité d'un projet. Présenter les évolutions du système d'information au commanditaire. Recenser les besoins du commanditaire,Travail en équipe. Sens de l'organisation. Rigueur
Chef de projet moa,146HGHZ,Analyser les processus métier. Définir des solutions fonctionnelles. Définir la faisabilité et la rentabilité d'un projet. Présenter les évolutions du système d'information au commanditaire. Recenser les besoins du commanditaire,Travail en équipe. Sens de l'organisation. Rigueur
Chef de projet moa,147JSSV,Analyser les processus métier. Définir des solutions fonctionnelles. Définir la faisabilité et la rentabilité d'un projet. Présenter les évolutions du système d'information au commanditaire. Recenser les besoins du commanditaire,
Chef de projet moa,146WWPT,Analyser les processus métier. Définir des solutions fonctionnelles. Définir la faisabilité et la rentabilité d'un projet. Présenter les évolutions du système d'information au commanditaire. Recenser les besoins du commanditaire,Capacité d'adaptation. Autonomie. Rigueur
Chef de projet moa,146VHRX,"Méthode AGILE. Analyser les processus métier. Animer une réunion. Concevoir des supports d'information et de communication. Coordonner les différentes étapes d'un projet. Définir des solutions fonctionnelles. Définir la faisabilité et la rentabilité d'un projet. Déployer des applications. Former du personnel à des procédures et techniques. Mettre en oeuvre des préconisations fonctionnelles et techniques. Piloter un projet. Procéder aux phases de tests et de recettes des applications développées. Présenter les évolutions du système d'information au commanditaire. Recenser les besoins du commanditaire. Réaliser un suivi administratif des opérations de gestion des ressources humaines. Suivre l'avancement d'un projet. Traiter l'information (collecter, classer et mettre à jour). Établir un cahier des charges",Capacité d'adaptation. Autonomie. Sens de l'organisation
Chef de projet moa,146CWLG,Analyser les processus métier. Définir des solutions fonctionnelles. Définir la faisabilité et la rentabilité d'un projet. Présenter les évolutions du système d'information au commanditaire. Recenser les besoins du commanditaire,
Chef de projet moa,147KFLX,Analyser les processus métier. Présenter les évolutions du système d'information au commanditaire,Travail en équipe. Sens de la communication. Capacité de décision
Chef de projet moa,147HYPF,Analyser les processus métier. Définir des solutions fonctionnelles. Définir la faisabilité et la rentabilité d'un projet. Procéder aux phases de tests et de recettes des applications développées. Recenser les besoins du commanditaire,Réactivité. Autonomie. Rigueur
Chef de projet moa,147GZJX,,Sens de la communication. Capacité de décision. Sens de l'organisation
Chef de projet moa,147DDSN,gestion de budget. gestion de projet,Sens de la communication. Autonomie. Rigueur
Chef de projet moa,146XXDW,,Travail en équipe. Autonomie. Rigueur
Chef de projet moa,146VPSS,Analyser les processus métier. Définir des solutions fonctionnelles. Définir la faisabilité et la rentabilité d'un projet. Présenter les évolutions du système d'information au commanditaire,Force de proposition. Sens de la communication. Rigueur
Chef de projet moa,146SMBN,Analyser les processus métier. Définir des solutions fonctionnelles. Définir la faisabilité et la rentabilité d'un projet. Procéder aux phases de tests et de recettes des applications développées. Recenser les besoins du commanditaire,
Chef de projet moa,146RJXS,Définir des solutions fonctionnelles. Définir la faisabilité et la rentabilité d'un projet. Procéder aux phases de tests et de recettes des applications développées. Recenser les besoins du commanditaire,
Chef de projet moa,146RJTM,Définir des solutions fonctionnelles. Définir la faisabilité et la rentabilité d'un projet. Procéder aux phases de tests et de recettes des applications développées. Recenser les besoins du commanditaire,
Chef de projet moa,146PQKS,Définir des solutions fonctionnelles. Définir la faisabilité et la rentabilité d'un projet,Sens de la communication. Sens de l'organisation. Rigueur
Chef de projet moa,146MZFG,Analyser les processus métier. Définir des solutions fonctionnelles. Définir la faisabilité et la rentabilité d'un projet. Présenter les évolutions du système d'information au commanditaire. Recenser les besoins du commanditaire,
Chef de projet moa,146LDDD,Analyser les processus métier. Définir des solutions fonctionnelles. Définir la faisabilité et la rentabilité d'un projet. Procéder aux phases de tests et de recettes des applications développées. Recenser les besoins du commanditaire,
Chef de projet moa,146KRXD,Analyser les processus métier. Coordonner les différentes étapes d'un projet. Définir des solutions fonctionnelles. Définir les évolutions d'un système d'information. Piloter un projet. Présenter les évolutions du système d'information au commanditaire. Suivre l'avancement d'un projet. Établir un cahier des charges,Force de proposition. Curiosité. Autonomie
Chef de projet moa,146KQND,Analyser les processus métier. Définir des solutions fonctionnelles. Définir la faisabilité et la rentabilité d'un projet. Présenter les évolutions du système d'information au commanditaire. Recenser les besoins du commanditaire,Travail en équipe. Autonomie. Rigueur
Chef de projet moa,146JRRH,Analyser les processus métier. Définir des solutions fonctionnelles. Définir la faisabilité et la rentabilité d'un projet. Présenter les évolutions du système d'information au commanditaire. Recenser les besoins du commanditaire,Capacité d'adaptation. Travail en équipe. Autonomie
Chef de projet moa,146JLNR,Analyser les processus métier. Définir des solutions fonctionnelles. Définir la faisabilité et la rentabilité d'un projet. Présenter les évolutions du système d'information au commanditaire. Recenser les besoins du commanditaire,
Chef de projet moa,146DYZJ,Analyser les processus métier. Définir des solutions fonctionnelles. Définir la faisabilité et la rentabilité d'un projet. Procéder aux phases de tests et de recettes des applications développées. Recenser les besoins du commanditaire,
Chef de projet moa,145YWSS,Analyser les processus métier. Coordonner les différentes étapes d'un projet. Définir des solutions fonctionnelles. Définir la faisabilité et la rentabilité d'un projet. Gestion de projet. Piloter un projet. Suivre l'avancement d'un projet,Prise de recul. Réactivité. Sens de l'organisation
Chef de projet moa,145YKJH,Analyser les processus métier. Définir des solutions fonctionnelles. Définir la faisabilité et la rentabilité d'un projet. Présenter les évolutions du système d'information au commanditaire. Recenser les besoins du commanditaire,
Chef de projet moa,145PNKW,Analyser les processus métier. Définir des solutions fonctionnelles. Définir la faisabilité et la rentabilité d'un projet. Procéder aux phases de tests et de recettes des applications développées. Recenser les besoins du commanditaire,
Chef de projet moa,145PNJD,Analyser les processus métier. Définir des solutions fonctionnelles. Définir la faisabilité et la rentabilité d'un projet. Présenter les évolutions du système d'information au commanditaire. Recenser les besoins du commanditaire,
Chef de projet moa,143RLFY,Analyser les processus métier. Définir des solutions fonctionnelles. Définir la faisabilité et la rentabilité d'un projet. Présenter les évolutions du système d'information au commanditaire. Recenser les besoins du commanditaire,
Chef de projet moa,147JGBQ,,Autonomie. Sens de l'organisation. Rigueur
Chef de projet moa,146YFCL,Analyser les processus métier. Définir des solutions fonctionnelles. Définir la faisabilité et la rentabilité d'un projet. Présenter les évolutions du système d'information au commanditaire. Recenser les besoins du commanditaire,Travail en équipe. Sens de l'organisation. Rigueur
Chef de projet moa,146MXLS,Analyser les processus métier. Définir des solutions fonctionnelles. Définir la faisabilité et la rentabilité d'un projet. Présenter les évolutions du système d'information au commanditaire. Recenser les besoins du commanditaire,Travail en équipe. Sens de l'organisation. Rigueur
Chef de projet moa,146HTZP,Animation de groupe. Capacité d'anticipation. Capacités rédactionnelles. Discrétion et confidentialité.. Fortes aptitudes managériales. Gestion de priorités,Force de proposition. Sens de la communication. Rigueur
Chef de projet moa,146PVSM,,Travail en équipe. Autonomie. Rigueur
Chef de projet moa,146KSJW,Analyser les processus métier. Définir des solutions fonctionnelles. Définir la faisabilité et la rentabilité d'un projet. Présenter les évolutions du système d'information au commanditaire. Recenser les besoins du commanditaire,
Chef de projet moa,143PYLQ,Analyser les processus métier. Coordonner l'activité d'une équipe. Définir des solutions fonctionnelles. Définir la faisabilité et la rentabilité d'un projet. Gestion de projet. Piloter un projet. Présenter les évolutions du système d'information au commanditaire. Recenser les besoins du commanditaire. Suivre l'avancement d'un projet,
Chef de projet moa,147GJSJ,"Animer une réunion. Définir des solutions fonctionnelles. Former du personnel à des procédures et techniques. Présenter les évolutions du système d'information au commanditaire. Recenser les besoins du commanditaire. Réaliser un reporting. Définir les évolutions d'un système d'information. Méthodes d'analyse (systémique, fonctionnelle, de risques, ...). Progiciels industriels et techniques. Réseaux informatiques et télécoms. Technologies de l'accessibilité numérique",
Chef de projet moa,146JVZM,Bien connaître Excel. Gestion des réunions. Analyser les processus métier. Définir des solutions fonctionnelles. Définir la faisabilité et la rentabilité d'un projet. Présenter les évolutions du système d'information au commanditaire. Recenser les besoins du commanditaire. Gestion de projets sécurité,Capacité à fédérer. Sens de l'organisation. Rigueur
Chef de projet moa,144XBXN,"Connaissance de l'architecture orientée services. Connaissance des outils de BI, SQ, Javascript. Connaissance des systèmes d'information. Connaissance et utilisation d'un ERP. Méthodolgie projet. Analyser les processus métier. Concevoir des supports d'information et de communication. Définir des solutions fonctionnelles. Définir la faisabilité et la rentabilité d'un projet. Présenter les évolutions du système d'information au commanditaire. Recenser les besoins du commanditaire",Autonomie. Rigueur. Sens de l'organisation
Chef de projet moa,7454339,,
Chef de projet moa,7454209,,
Chef de projet moa,7428679,,
Chef de projet moa,7426976,,
Chef de projet moa,7426897,,
Chef de projet moa,7426051,,
Chef de projet moa,7424289,,
Chef de projet moa,7423809,,
Chef de projet moa,7423149,,
Chef de projet moa,7421386,,
Chef de projet moa,7417886,,
Chef de projet moa,7410639,,
Chef de projet moa,7405787,,
Chef de projet moa,7402777,,
Chef de projet moa,7375969,,
Chef de projet moa,7372572,,
Chef de projet moa,7371862,,
Chef de projet moa,7366358,,
Chef de projet moa,7355853,,
Chef de projet moa,7348454,,
Chef de projet moa,7347772,,
Chef de projet moa,7346144,,
Chef de projet moa,7344455,,
Chef de projet moa,7344271,,
Chef de projet moa,7343579,,
Chef de projet moa,7342723,,
Chef de projet moa,7333845,,
Chef de projet moa,7332247,,
Chef de projet moa,7326936,,
Chef de projet moa,7326882,,
Chef de projet moa,7326619,,
Chef de projet moa,7326351,,
Chef de projet moa,7326100,,
Chef de projet moa,7326091,,
Chef de projet moa,7326080,,
Chef de projet moa,7324926,,
Chef de projet moa,7324734,,
Chef de projet moa,7320395,,
Chef de projet moa,7319863,,
Chef de projet moa,7319682,,
Chef de projet moa,7319277,,
Chef de projet moa,7318859,,
Chef de projet moa,7318537,,
Chef de projet moa,7318129,,
Chef de projet moa,7317777,,
Chef de projet moa,7317625,,
Chef de projet moa,7317398,,
Chef de projet moa,7317010,,
Chef de projet moa,7313324,,
Chef de projet moa,7312498,,
Chef de projet moa,7310907,,
Chef de projet moa,7310473,,
Chef de projet moa,7310120,,
Chef de projet moa,7309235,,
Chef de projet moa,7289041,,
Chef de projet moa,7281644,,
Chef de projet moa,7279141,,
Chef de projet moa,7275250,,
Chef de projet moa,7267889,,
Chef de projet moa,7266267,,
Chef de projet moa,7265064,,
Chef de projet moa,7260176,,
Chef de projet moa,7260060,,
Chef de projet moa,7219254,,
Chef de projet moa,7219177,,
Chef de projet moa,7211058,,
Chef de projet moa,7174858,,
Chef de projet moa,7173733,,
Chef de projet moa,7173533,,
Chef de projet moa,7173390,,
Chef de projet moa,7173087,,
Chef de projet moa,7173012,,
Chef de projet moa,7172520,,
Chef de projet moa,7171612,,
Chef de projet moa,7166809,,
Chef de projet moa,7166643,,
Chef de projet moa,7166571,,
Chef de projet moa,7166407,,
Chef de projet moa,7166297,,
Chef de projet moa,7166237,,
Chef de projet moa,7165998,,
Chef de projet moa,7165992,,
Chef de projet moa,7165973,,
Chef de projet moa,7165823,,
Chef de projet moa,7165731,,
Chef de projet moa,7165504,,
Chef de projet moa,7165482,,
Chef de projet moa,7165316,,
Chef de projet moa,7165036,,
Chef de projet moa,7164819,,
Chef de projet moa,7164778,,
Chef de projet moa,7164748,,
Chef de projet moa,7164518,,
Chef de projet moa,7164484,,
Chef de projet moa,7164022,,
Chef de projet moa,7163973,,
Chef de projet moa,7163850,,
Chef de projet moa,7163728,,
Chef de projet moa,7163625,,
Chef de projet moa,7163590,,
Chef de projet moa,7163215,,
Chef de projet moa,7163089,,
Chef de projet moa,7163088,,
Chef de projet moa,7162983,,
Chef de projet moa,7162975,,
Chef de projet moa,7162685,,
Chef de projet moa,7162609,,
Chef de projet moa,7162608,,
Chef de projet moa,7154649,,
Chef de projet moa,7146831,,
Chef de projet moa,7144300,,
Chef de projet moa,7144231,,
Chef de projet moa,7143934,,
Chef de projet moa,7143831,,
Chef de projet moa,7143164,,
Chef de projet moa,7133694,,
Chef de projet moa,7128213,,
Chef de projet moa,7105368,,
Chef de projet moa,7103652,,
Chef de projet moa,7101779,,
Chef de projet moa,7095588,,
Chef de projet moa,7077064,,
Chef de projet moa,7076665,,
Chef de projet moa,7076534,,
Chef de projet moa,7052810,,
Chef de projet moa,7049459,,
Chef de projet moa,7049237,,
Chef de projet moa,7041236,,
Chef de projet moa,7038003,,
Chef de projet moa,7025506,,
Chef de projet moa,7010777,,
Chef de projet moa,7009405,,
Chef de projet moa,7009368,,
Chef de projet moa,7007562,,
Chef de projet moa,7007191,,
Chef de projet moa,7006929,,
Chef de projet moa,7006372,,
Chef de projet moa,7006269,,
Chef de projet moa,7005282,,
Chef de projet moa,7005161,,
Chef de projet moa,7004371,,
Chef de projet moa,7004136,,
Chef de projet moa,7001578,,
Chef de projet moa,7000578,,
Chef de projet moa,7000456,,
Chef de projet moa,7000124,,
Chef de projet moa,6999987,,
Chef de projet moa,6999650,,
Chef de projet moa,6999643,,
Chef de projet moa,6948676,,
Chef de projet moa,6902038,,
Chef de projet moa,6900906,,
Chef de projet moa,6889468,,
Chef de projet moa,6888535,,
Chef de projet moa,6885942,,
Chef de projet moa,6885064,,
Chef de projet moa,6884478,,
Chef de projet moa,6883897,,
Chef de projet moa,6883713,,
Chef de projet moa,6883630,,
Chef de projet moa,6860354,,
Chef de projet moa,6830591,,
Chef de projet moa,6828057,,
Chef de projet moa,6826636,,
Chef de projet moa,6823801,,
Chef de projet moa,6822860,,
Chef de projet moa,6822832,,
Chef de projet moa,6822097,,
Chef de projet moa,6792944,,
Chef de projet moa,6791142,,
Chef de projet moa,6789990,,
Chef de projet moa,6784867,,
Chef de projet moa,6783853,,
Chef de projet moa,6777104,,
Chef de projet moa,6762859,,
Chef de projet moa,6762466,,
Chef de projet moa,6749906,,
Chef de projet moa,6743480,,
Chef de projet moa,6742953,,
Chef de projet moa,6742801,,
Chef de projet moa,6742612,,
Chef de projet moa,6742072,,
Chef de projet moa,6738676,,
Chef de projet moa,6734126,,
Chef de projet moa,6734011,,
Chef de projet moa,6734004,,
Chef de projet moa,6733869,,
Chef de projet moa,6733839,,
Chef de projet moa,6733599,,
Chef de projet moa,6733442,,
Chef de projet moa,6733147,,
Chef de projet moa,6733058,,
Chef de projet moa,6732881,,
Chef de projet moa,6709225,,
Chef de projet moa,6709043,,
Chef de projet moa,6708445,,
Chef de projet moa,6708286,,
Chef de projet moa,6708205,,
Chef de projet moa,6707460,,
Chef de projet moa,6707003,,
Chef de projet moa,6706935,,
Chef de projet moa,6706758,,
Chef de projet moa,6685228,,
Chef de projet moa,6678226,,
Chef de projet moa,6664433,,
Chef de projet moa,6656721,,
Chef de projet moa,6656098,,
Chef de projet moa,6656091,,
Chef de projet moa,6655439,,
Chef de projet moa,6654755,,
Chef de projet moa,6654526,,
Chef de projet moa,6651377,,
Chef de projet moa,6594003,,
Chef de projet moa,6593118,,
Chef de projet moa,6592515,,
Chef de projet moa,6590477,,
Chef de projet moa,6590066,,
Chef de projet moa,6589624,,
Chef de projet moa,6549131,,
Chef de projet moa,6548040,,
Chef de projet moa,6532186,,
Chef de projet moa,6519391,,
Chef de projet moa,6519388,,
Chef de projet moa,6519293,,
Chef de projet moa,6519075,,
Chef de projet moa,6499796,,
Chef de projet moa,6497986,,
Chef de projet moa,6459044,,
Chef de projet moa,6456115,,
Chef de projet moa,6455700,,
Chef de projet moa,6445722,,
Chef de projet moa,6445552,,
Chef de projet moa,6443233,,
Chef de projet moa,6423609,,
Chef de projet moa,6423488,,
Chef de projet moa,6394400,,
Chef de projet moa,6359429,,
Chef de projet moa,6348752,,
Chef de projet moa,6344934,,
Chef de projet moa,6343497,,
Chef de projet moa,6329843,,
Chef de projet moa,6329316,,
Chef de projet moa,6328815,,
Chef de projet moa,6327071,,
Chef de projet moa,6326912,,
Chef de projet moa,6325011,,
Chef de projet moa,6324932,,
Chef de projet moa,6324839,,
Chef de projet moa,6324621,,
Chef de projet moa,6318279,,
Chef de projet moa,6315233,,
Chef de projet moa,6310602,,
Chef de projet moa,6310564,,
Chef de projet moa,6308985,,
Chef de projet moa,6301049,,
Chef de projet moa,6296852,,
Chef de projet moa,6296158,,
Chef de projet moa,6295989,,
Chef de projet moa,6288970,,
Chef de projet moa,6271273,,
Chef de projet moa,6267826,,
Chef de projet moa,6265650,,
Chef de projet moa,6262697,,
Chef de projet moa,6252721,,
Chef de projet moa,6215688,,
Chef de projet moa,6209462,,
Chef de projet moa,6181048,,
Chef de projet moa,6162438,,
Chef de projet moa,6161979,,
Chef de projet moa,6161565,,
Chef de projet moa,6160693,,
Chef de projet moa,6160535,,
Chef de projet moa,6160343,,
Chef de projet moa,6160247,,
Chef de projet moa,6160145,,
Chef de projet moa,6149684,,
Chef de projet moa,6148265,,
Chef de projet moa,6146387,,
Chef de projet moa,6138773,,
Chef de projet moa,6123480,,
Chef de projet moa,6123396,,
Chef de projet moa,6102691,,
Chef de projet moa,6102685,,
Chef de projet moa,6081697,,
Chef de projet moa,6074595,,
Chef de projet moa,6069707,,
Chef de projet moa,6069428,,
Chef de projet moa,6040755,,
Chef de projet moa,6037015,,
Chef de projet moa,6036867,,
Chef de projet moa,6033174,,
Chef de projet moa,6012015,,
Chef de projet moa,6011199,,
Chef de projet moa,6006341,,
Chef de projet moa,5998922,,
Chef de projet moa,5998517,,
Chef de projet moa,5984069,,
Chef de projet moa,5975859,,
Chef de projet moa,5923372,,
Chef de projet moa,5922386,,
Chef de projet moa,5922113,,
Chef de projet moa,5916473,,
Chef de projet moa,5911772,,
Chef de projet moa,5906792,,
Chef de projet moa,5860547,,
Chef de projet moa,5860360,,
Chef de projet moa,5860205,,
Chef de projet moa,5859861,,
Chef de projet moa,5859713,,
Chef de projet moa,5858712,,
Chef de projet moa,5858706,,
Chef de projet moa,5846244,,
Chef de projet moa,5842481,,
Chef de projet moa,5842184,,
Chef de projet moa,5841921,,
Chef de projet moa,5840891,,
Chef de projet moa,5840822,,
Chef de projet moa,5840220,,
Chef de projet moa,5815996,,
Chef de projet moa,5813655,,
Chef de projet moa,5812846,,
Chef de projet moa,5805480,,
Chef de projet moa,5803774,,
Chef de projet moa,5802204,,
Chef de projet moa,5794511,,
Chef de projet moa,5732516,,
Chef de projet moa,5694865,,
Chef de projet moa,5660277,,
Chef de projet moa,5641564,,
Chef de projet moa,5641289,,
Chef de projet moa,5640171,,
Chef de projet moa,5586843,,
Chef de projet moa,5535075,,
Chef de projet moa,5528600,,
Chef de projet moa,5524260,,
Chef de projet moa,5515315,,
Chef de projet moa,5515053,,
Chef de projet moa,5413596,,
Chef de projet moa,5413440,,
Chef de projet moa,5333012,,
Chef de projet moa,5258542,,
Chef de projet moa,5206368,,
Chef de projet moa,5116899,,
Chef de projet moa,5039640,,
Chef de projet moa,5039097,,
Chef de projet moa,5038800,,
Chef de projet moa,4948232,,
Chef de projet moa,4904482,,
Chef de projet moa,4813163,,
Chef de projet moa,4759311,,
Chef de projet moa,4681295,,
Chef de projet moa,4650658,,
Chef de projet moa,4642149,,
Chef de projet moa,4602194,,
Chef de projet moa,4552323,,
Chef de projet moa,4544353,,
Chef de projet moa,4544284,,
Chef de projet moa,4536931,,
Chef de projet moa,4523370,,
Chef de projet moa,4405725,,
Chef de projet moa,4362315,,
Chef de projet moa,4295422,,
Chef de projet moa,4245970,,
Chef de projet moa,4216335,,
Chef de projet moa,4216152,,
Chef de projet moa,4215319,,
Chef de projet moa,4086291,,
Chef de projet moa,3997460,,
Chef de projet moa,3988943,,
Chef de projet moa,3988241,,
Chef de projet moa,3848158,,
Chef de projet moa,3762288,,
Chef de projet moa,3759802,,
Chef de projet moa,3751492,,
Chef de projet moa,3507099,,
Chef de projet moa,3287538,,
Chef de projet moa,3276939,,
Chef de projet moa,3275929,,
Chef de projet moa,3012201,,
Chef de projet moa,2975186,,
Chef de projet moa,2904463,,
Chef de projet moa,2460732,,
Chef de projet moa,2431861,,
Chef de projet moa,2431088,,
Chef de projet moa,2430900,,
Chef de projet moa,2430866,,
Chef de projet moa,2416781,,
Chef de projet moa,2416396,,
Chef de projet moa,2202303,,
Chef de projet moa,2199616,,
Chef de projet moa,2199171,,
Chef de projet moa,1383771,,
Chef de projet moa,1378802,,
Chef de projet moa,0954029,,
Chef de projet moa,0801809,,
Chef de projet moa,9789894,,
Chef de projet moa,9428499,,
Chef de projet moa,9045483,,
Chef de projet moa,6885426,,
Chef de projet moa,7095167,,
Chef de projet moa,6252374,,
Chef de projet moa,5679449,,
Chef de projet moa,4905345,,
Chef de projet moa,3987566,,
Chef de projet moa,9812752,,
Chef de projet moa,7384477,,
Chef de projet moa,7367764,,
Chef de projet moa,7266148,,
Chef de projet moa,7261371,,
Chef de projet moa,7082427,,
Chef de projet moa,7048981,,
Chef de projet moa,6956745,,
Chef de projet moa,6948780,,
Chef de projet moa,6896434,,
Chef de projet moa,6781932,,
Chef de projet moa,6682036,,
Chef de projet moa,6675878,,
Chef de projet moa,6594565,,
Chef de projet moa,6572780,,
Chef de projet moa,6519523,,
Chef de projet moa,5801688,,
Chef de projet moa,5695224,,
Chef de projet moa,3853090,,
Chef de projet moa,3587943,,
Chef de projet moa,7341532,,
Chef de projet moa,6668972,,
Chef de projet moa,5438881,,
Chef de projet moa,7454673,,
Chef de projet moa,7453119,,
Chef de projet moa,7349473,,
Chef de projet moa,7346383,,
Chef de projet moa,7343990,,
Chef de projet moa,7340030,,
Chef de projet moa,7339746,,
Chef de projet moa,7311451,,
Chef de projet moa,7054038,,
Chef de projet moa,7007707,,
Chef de projet moa,6891216,,
Chef de projet moa,6891090,,
Chef de projet moa,6592862,,
Chef de projet moa,6251805,,
Chef de projet moa,5962089,,
Chef de projet moa,5689847,,
Chef de projet moa,5672914,,
Chef de projet moa,5525968,,
